<?xml version = '1.0' encoding = 'UTF-8'?>
<Diagram class="oracle.dbtools.crest.swingui.logical.DPVLogical" name="Logical" id="833DBE5B-E174-7532-D516-F0BC24C3528C">
<createdBy>Carlos</createdBy>
<modifiedBy>Carlos</modifiedBy>
<createdTime>2024-08-31 21:39:15 UTC</createdTime>
<autoRoute>false</autoRoute>
<boxInbox>true</boxInbox>
<showLegend>false</showLegend>
<showLabels>false</showLabels>
<showRelAttributes>false</showRelAttributes>
<gridEnabled>false</gridEnabled>
<showGrid>false</showGrid>
<diagramColor>-1</diagramColor>
<display>false</display>
<notation>1</notation>
<objectViews>
<OView class="oracle.dbtools.crest.swingui.logical.TVEntity" oid="18DB40BE-547F-A1A7-2371-637863E4E6CA" otype="Entity" vid="B4948DB2-CD44-D039-EC8A-B558D9B4D3BF">
<hideElementsInCurrentOnly>false</hideElementsInCurrentOnly>
<bounds x="423" y="87" width="209" height="111"/>
</OView>
<OView class="oracle.dbtools.crest.swingui.logical.TVEntity" oid="3368772F-6F5C-9E7A-EE0B-3A43EC3E761C" otype="Entity" vid="47D2CE08-0443-FD11-A32B-7EBD05B6E2ED">
<hideElementsInCurrentOnly>false</hideElementsInCurrentOnly>
<bounds x="426" y="268" width="182" height="110"/>
</OView>
<OView class="oracle.dbtools.crest.swingui.logical.TVEntity" oid="6A231D53-1347-C25F-8010-6D1E1AD0649E" otype="Entity" vid="F8F143A2-C8B2-C246-F359-5866E876AF15">
<hideElementsInCurrentOnly>false</hideElementsInCurrentOnly>
<bounds x="122" y="151" width="217" height="88"/>
</OView>
<OView class="oracle.dbtools.crest.swingui.logical.TVEntity" oid="72A5034A-413C-5920-AAEC-3CCED00539F0" otype="Entity" vid="1C520567-677D-04E4-5EE4-B1E236569275">
<hideElementsInCurrentOnly>false</hideElementsInCurrentOnly>
<bounds x="125" y="13" width="216" height="113"/>
</OView>
<OView class="oracle.dbtools.crest.swingui.logical.TVEntity" oid="E097596F-4712-F52D-4AF3-EAE2417BA189" otype="Entity" vid="5945B4E4-1117-C194-DF0E-5BCF3FB2E15D">
<hideElementsInCurrentOnly>false</hideElementsInCurrentOnly>
<bounds x="150" y="282" width="163" height="130"/>
</OView>
</objectViews>
<connectors>
<Connector class="oracle.dbtools.crest.swingui.logical.TVRelation" oid="363200B8-A11A-6FC7-EF62-0E586846CF9F" otype="Relation" vid_source="5945B4E4-1117-C194-DF0E-5BCF3FB2E15D" vid_target="47D2CE08-0443-FD11-A32B-7EBD05B6E2ED">
<hideElementsInCurrentOnly>false</hideElementsInCurrentOnly>
<backgroundColor>-16777216</backgroundColor>
<lineWidth>1</lineWidth>
<points>
<point x="313" y="330"/>
<point x="426" y="330"/>
</points>
</Connector>
<Connector class="oracle.dbtools.crest.swingui.logical.TVRelation" oid="AEE7DB54-F33E-B2BC-EB15-B63D0C933A6D" otype="Relation" vid_source="B4948DB2-CD44-D039-EC8A-B558D9B4D3BF" vid_target="1C520567-677D-04E4-5EE4-B1E236569275">
<hideElementsInCurrentOnly>false</hideElementsInCurrentOnly>
<backgroundColor>-16777216</backgroundColor>
<lineWidth>1</lineWidth>
<points>
<point x="423" y="106"/>
<point x="341" y="106"/>
</points>
</Connector>
<Connector class="oracle.dbtools.crest.swingui.logical.TVRelation" oid="D554D00A-F82C-BB6C-ED1E-FE13DE68958B" otype="Relation" vid_source="F8F143A2-C8B2-C246-F359-5866E876AF15" vid_target="5945B4E4-1117-C194-DF0E-5BCF3FB2E15D">
<hideElementsInCurrentOnly>false</hideElementsInCurrentOnly>
<backgroundColor>-16777216</backgroundColor>
<lineWidth>1</lineWidth>
<points>
<point x="231" y="239"/>
<point x="231" y="282"/>
</points>
</Connector>
<Connector class="oracle.dbtools.crest.swingui.logical.TVRelation" oid="E165BF15-035A-C3B9-4FBD-98FC8F4BFA73" otype="Relation" vid_source="1C520567-677D-04E4-5EE4-B1E236569275" vid_target="F8F143A2-C8B2-C246-F359-5866E876AF15">
<hideElementsInCurrentOnly>false</hideElementsInCurrentOnly>
<backgroundColor>-16777216</backgroundColor>
<lineWidth>1</lineWidth>
<points>
<point x="232" y="126"/>
<point x="232" y="151"/>
</points>
</Connector>
<Connector class="oracle.dbtools.crest.swingui.logical.TVRelation" oid="EAF249DE-ED44-0204-B83D-819E580657B8" otype="Relation" vid_source="B4948DB2-CD44-D039-EC8A-B558D9B4D3BF" vid_target="F8F143A2-C8B2-C246-F359-5866E876AF15">
<hideElementsInCurrentOnly>false</hideElementsInCurrentOnly>
<backgroundColor>-16777216</backgroundColor>
<lineWidth>1</lineWidth>
<points>
<point x="423" y="174"/>
<point x="339" y="174"/>
</points>
</Connector>
</connectors>
</Diagram>