<?xml version = '1.0' encoding = 'UTF-8'?>
<Table class="oracle.dbtools.crest.model.design.relational.Table" directorySegmentName="seg_0" id="3BD9B619-672D-DA3A-A6F3-7C87B28D6F02" name="CLIENTE">
<createdBy>Carlos</createdBy>
<createdTime>2024-09-02 20:50:24 UTC</createdTime>
<generatorID>18DB40BE-547F-A1A7-2371-637863E4E6CA</generatorID>
<ownerDesignName>Exp2_S5_Grupo11</ownerDesignName>
<allowColumnReorder>false</allowColumnReorder>
<existDependencyGenerateInDDl>true</existDependencyGenerateInDDl>
<parsed>true</parsed>
<columns itemClass="oracle.dbtools.crest.model.design.relational.Column">
<Column name="rut" id="AA87C4A3-CFFC-68FE-CAC9-880ACDBABDB5">
<createdBy>Carlos</createdBy>
<createdTime>2024-09-02 20:50:24 UTC</createdTime>
<generatorID>C3744EEC-43A8-F236-256C-43D87F8BF7E3</generatorID>
<ownerDesignName>Exp2_S5_Grupo11</ownerDesignName>
<useDomainConstraints>false</useDomainConstraints>
<use>1</use>
<logicalDatatype>LOGDT011</logicalDatatype>
<ownDataTypeParameters>,,</ownDataTypeParameters>
<autoIncrementCycle>false</autoIncrementCycle>
</Column>
<Column name="nombres" id="6A6C84C5-CBC9-A981-5874-293F13298DFD">
<createdBy>Carlos</createdBy>
<createdTime>2024-09-02 20:50:24 UTC</createdTime>
<generatorID>E814B92E-789D-7751-5B0C-E9BE10D64FCF</generatorID>
<ownerDesignName>Exp2_S5_Grupo11</ownerDesignName>
<useDomainConstraints>false</useDomainConstraints>
<use>1</use>
<logicalDatatype>LOGDT024</logicalDatatype>
<dataTypeSize>20</dataTypeSize>
<ownDataTypeParameters>20,,</ownDataTypeParameters>
<autoIncrementCycle>false</autoIncrementCycle>
</Column>
<Column name="apellidos" id="95473E04-1BBA-6AC9-A8D2-ACB9D2FCD82B">
<createdBy>Carlos</createdBy>
<createdTime>2024-09-02 20:50:24 UTC</createdTime>
<generatorID>8CC604C8-EDDA-52DE-AEAD-BA82C2A369B9</generatorID>
<ownerDesignName>Exp2_S5_Grupo11</ownerDesignName>
<useDomainConstraints>false</useDomainConstraints>
<use>1</use>
<logicalDatatype>LOGDT024</logicalDatatype>
<dataTypeSize>20</dataTypeSize>
<ownDataTypeParameters>20,,</ownDataTypeParameters>
<autoIncrementCycle>false</autoIncrementCycle>
</Column>
<Column name="domicilio" id="EF59BDD0-4EA1-9745-AE2E-14A867306A51">
<createdBy>Carlos</createdBy>
<createdTime>2024-09-02 20:50:24 UTC</createdTime>
<generatorID>8A44C755-1B0B-7271-CBBE-EB0AE788BA35</generatorID>
<ownerDesignName>Exp2_S5_Grupo11</ownerDesignName>
<useDomainConstraints>false</useDomainConstraints>
<use>1</use>
<logicalDatatype>LOGDT024</logicalDatatype>
<dataTypeSize>30</dataTypeSize>
<ownDataTypeParameters>30,,</ownDataTypeParameters>
<autoIncrementCycle>false</autoIncrementCycle>
</Column>
<Column name="contacto" id="EACC506B-404F-457E-0884-2E323AA19614">
<createdBy>Carlos</createdBy>
<createdTime>2024-09-02 20:50:24 UTC</createdTime>
<generatorID>4C350CCF-1000-68E9-7BBC-06EFAB22DB63</generatorID>
<ownerDesignName>Exp2_S5_Grupo11</ownerDesignName>
<nullsAllowed>true</nullsAllowed>
<useDomainConstraints>false</useDomainConstraints>
<use>1</use>
<logicalDatatype>LOGDT024</logicalDatatype>
<ownDataTypeParameters>,,</ownDataTypeParameters>
<autoIncrementCycle>false</autoIncrementCycle>
</Column>
</columns>
<indexes itemClass="oracle.dbtools.crest.model.design.relational.Index">
<ind_PK_UK id="DEB035DE-5B80-E414-6AAB-65ABFCBB514B" name="CLIENTE_PK">
<createdBy>Carlos</createdBy>
<createdTime>2024-09-02 20:50:24 UTC</createdTime>
<generatorID>A1AAA21D-34BB-01AB-341B-B44EAD92A431</generatorID>
<ownerDesignName>Exp2_S5_Grupo11</ownerDesignName>
<pk>true</pk>
<indexState>Primary Constraint</indexState>
<isSurrogateKey>false</isSurrogateKey>
<indexColumnUsage>
<colUsage columnID="AA87C4A3-CFFC-68FE-CAC9-880ACDBABDB5"/>
</indexColumnUsage>
</ind_PK_UK>
</indexes>
</Table>