<?xml version = '1.0' encoding = 'UTF-8'?>
<FKIndexAssociation class="oracle.dbtools.crest.model.design.relational.FKIndexAssociation" directorySegmentName="seg_0" id="2CFC51CC-FE87-7239-ED5F-9FD6906C7DBE" containerWithKeyObject="D8C791A1-458B-DDD6-45A6-68868C50BCA3" localFKIndex="33001F59-3474-7C0A-D885-EE985DF0F5AE" name="SERVICIO_ORDEN_DE_ATENCION_FK">
<createdBy>Carlos</createdBy>
<createdTime>2024-09-02 20:50:24 UTC</createdTime>
<generatorID>D554D00A-F82C-BB6C-ED1E-FE13DE68958B</generatorID>
<ownerDesignName>Exp2_S5_Grupo11</ownerDesignName>
<referredTableLongName>ORDEN_DE_ATENCION</referredTableLongName>
<deleteRule>NO ACTION</deleteRule>
<referredTableID>8B3B5CF5-DB27-1E76-0238-E4FE428AF9B4</referredTableID>
<keyObject>7452A9D5-32DA-357C-2D54-CA5F8FF3D9D1</keyObject>
<referredKeyID>7452A9D5-32DA-357C-2D54-CA5F8FF3D9D1</referredKeyID>
<mandatory>true</mandatory>
<refColNames>id_orden</refColNames>
<transferable>true</transferable>
<rely>false</rely>
<columnDependencyConstraintGenerateInDDL>true</columnDependencyConstraintGenerateInDDL>
</FKIndexAssociation>