<?xml version = '1.0' encoding = 'UTF-8'?>
<Relation class="oracle.dbtools.crest.model.design.logical.Relation" name="Relation_7" directorySegmentName="seg_0" id="363200B8-A11A-6FC7-EF62-0E586846CF9F">
<createdBy>Carlos</createdBy>
<createdTime>2024-09-02 18:21:19 UTC</createdTime>
<ownerDesignName>Exp2_S5_Grupo11</ownerDesignName>
<engineerTo>
<item key="25BCEEE2-D686-7348-1202-8186DED6A726" value="true"/>
</engineerTo>
<sourcePk>F8B6F6AA-5B5B-DE0B-145B-6D6DC446DDCD</sourcePk>
<identifying>false</identifying>
<optionalSource>false</optionalSource>
<optionalTarget>false</optionalTarget>
<sourceCardinality>1</sourceCardinality>
<sourceEntity>E097596F-4712-F52D-4AF3-EAE2417BA189</sourceEntity>
<targetCardinalityString>*</targetCardinalityString>
<targetEntity>3368772F-6F5C-9E7A-EE0B-3A43EC3E761C</targetEntity>
<transferable>true</transferable>
<deleteRule>NO ACTION</deleteRule>
</Relation>